GYT,ACX,ACY,ACZ,RTX,RTY,RTZ,message
12063,0.20,-0.10,9.46,0.02,-0.02,-0.00,0
12072,0.07,-0.13,6.45,0.02,-0.02,-0.00,0
12080,0.10,-0.16,8.42,0.02,-0.02,-0.00,0
12089,0.08,-0.17,9.15,0.02,-0.02,-0.00,0
12098,0.11,-0.17,9.36,0.02,-0.02,-0.00,0
12106,0.10,-0.18,9.41,0.02,-0.02,-0.00,0
12115,0.11,-0.19,9.45,0.02,-0.02,-0.00,0
12124,0.12,-0.19,9.44,0.02,-0.02,-0.00,0
12133,0.11,-0.18,9.47,0.02,-0.02,-0.00,0
12141,0.12,-0.19,9.46,0.02,-0.02,-0.00,0
12150,0.13,-0.18,9.45,0.02,-0.02,-0.00,0
12159,0.14,-0.17,9.43,0.02,-0.02,-0.00,0
12168,0.13,-0.19,9.44,0.02,-0.02,-0.00,0
12176,0.10,-0.19,9.44,0.02,-0.02,-0.00,0
12185,0.10,-0.18,9.43,0.02,-0.02,-0.00,0
12195,0.07,-0.17,9.45,0.02,-0.02,-0.00,0
12204,0.11,-0.18,9.44,0.02,-0.02,-0.00,0
12214,0.10,-0.17,9.45,0.02,-0.02,-0.00,0
12223,0.10,-0.18,9.43,0.02,-0.02,-0.00,0
12233,0.11,-0.17,9.44,0.03,-0.02,-0.00,0
12242,0.12,-0.18,9.46,0.02,-0.02,-0.00,0
12251,0.11,-0.20,9.44,0.02,-0.02,-0.00,0
12260,0.11,-0.18,9.45,0.02,-0.02,-0.00,0
12270,0.14,-0.17,9.43,0.02,-0.02,-0.00,0
12279,0.13,-0.18,9.43,0.02,-0.02,-0.00,0
12288,0.12,-0.17,9.45,0.02,-0.02,-0.00,0
12296,0.13,-0.16,9.44,0.02,-0.02,-0.00,0
12305,0.15,-0.14,9.44,0.02,-0.02,-0.00,0
12314,0.11,-0.17,9.44,0.02,-0.02,-0.00,0
12323,0.13,-0.16,9.43,0.02,-0.02,-0.00,0
12331,0.12,-0.18,9.42,0.02,-0.02,0.00,0
12340,0.14,-0.18,9.41,0.02,-0.02,-0.00,0
12349,0.13,-0.17,9.43,0.02,-0.02,-0.00,0
12358,0.11,-0.19,9.43,0.02,-0.02,-0.00,0
12367,0.10,-0.20,9.45,0.02,-0.02,-0.00,0
12375,0.09,-0.19,9.43,0.02,-0.02,-0.00,0
12384,0.11,-0.19,9.44,0.02,-0.02,-0.00,0
12393,0.10,-0.18,9.45,0.02,-0.02,-0.00,0
12401,0.09,-0.19,9.45,0.02,-0.02,-0.00,0
12410,0.09,-0.18,9.44,0.02,-0.02,-0.00,0
12419,0.09,-0.18,9.42,0.03,-0.02,-0.00,0
12428,0.10,-0.17,9.45,0.02,-0.02,-0.00,0
12436,0.10,-0.16,9.45,0.02,-0.02,-0.00,0
12445,0.10,-0.16,9.45,0.02,-0.02,-0.00,0
12454,0.10,-0.16,9.46,0.02,-0.02,-0.00,0
12463,0.11,-0.17,9.44,0.02,-0.02,-0.00,0
12471,0.12,-0.16,9.47,0.02,-0.02,-0.00,0
12480,0.12,-0.17,9.48,0.02,-0.02,-0.00,0
12490,0.11,-0.16,9.46,0.02,-0.02,-0.00,0
12499,0.15,-0.17,9.44,0.02,-0.02,-0.00,0
12508,0.13,-0.17,9.45,0.02,-0.02,-0.00,0
12517,0.13,-0.16,9.43,0.02,-0.02,-0.00,0
12525,0.10,-0.18,9.43,0.02,-0.02,-0.00,0
12534,0.11,-0.19,9.44,0.02,-0.02,-0.00,0
12543,0.12,-0.18,9.45,0.02,-0.02,-0.00,0
12552,0.13,-0.19,9.46,0.02,-0.02,-0.00,0
12560,0.11,-0.15,9.42,0.02,-0.02,-0.00,0
12569,0.11,-0.19,9.41,0.02,-0.02,-0.00,0
12578,0.07,-0.17,9.42,0.02,-0.02,-0.00,0
12587,0.11,-0.19,9.45,0.02,-0.02,-0.00,0
12595,0.09,-0.17,9.46,0.03,-0.02,-0.00,0
12604,0.08,-0.17,9.42,0.02,-0.02,-0.00,0
12613,0.09,-0.17,9.43,0.02,-0.02,-0.00,0
12622,0.10,-0.15,9.42,0.03,-0.02,-0.00,0
12630,0.11,-0.17,9.45,0.02,-0.02,-0.00,0
12639,0.12,-0.17,9.43,0.02,-0.02,-0.00,0
12648,0.12,-0.18,9.44,0.02,-0.02,-0.00,0
12657,0.15,-0.17,9.44,0.02,-0.02,-0.00,0
12665,0.13,-0.19,9.44,0.02,-0.02,-0.00,0
12674,0.13,-0.18,9.44,0.03,-0.02,-0.00,0
12683,0.13,-0.17,9.46,0.02,-0.02,-0.00,0
12692,0.14,-0.14,9.46,0.02,-0.02,-0.00,0
12700,0.14,-0.18,9.45,0.02,-0.02,-0.00,0
12709,0.14,-0.17,9.46,0.02,-0.02,-0.00,0
12718,0.11,-0.18,9.43,0.02,-0.02,-0.00,0
12727,0.08,-0.18,9.45,0.02,-0.02,-0.00,0
12736,0.09,-0.17,9.43,0.02,-0.02,-0.00,0
12745,0.09,-0.17,9.43,0.02,-0.02,-0.00,0
12755,0.09,-0.18,9.44,0.02,-0.02,-0.00,0
12763,0.09,-0.16,9.44,0.02,-0.02,-0.00,0
12773,0.10,-0.18,9.43,0.02,-0.02,-0.00,0
12781,0.11,-0.17,9.44,0.02,-0.02,-0.00,0
12790,0.08,-0.18,9.46,0.02,-0.02,-0.00,0
12800,0.10,-0.17,9.46,0.02,-0.02,-0.00,0
12808,0.11,-0.18,9.45,0.02,-0.02,-0.00,0
12818,0.12,-0.18,9.44,0.02,-0.02,-0.00,0
12827,0.09,-0.17,9.42,0.02,-0.02,-0.00,0
12836,0.13,-0.19,9.46,0.02,-0.02,-0.00,0
12845,0.13,-0.17,9.44,0.02,-0.02,-0.00,0
12855,0.14,-0.18,9.45,0.02,-0.02,-0.00,0
12863,0.12,-0.17,9.43,0.02,-0.02,-0.00,0
12873,0.15,-0.16,9.44,0.02,-0.02,-0.00,0
12881,0.12,-0.17,9.44,0.02,-0.02,-0.00,0
12890,0.12,-0.17,9.45,0.02,-0.02,-0.00,0
12900,0.12,-0.17,9.42,0.02,-0.02,-0.00,0
12909,0.13,-0.16,9.45,0.02,-0.02,0.00,0
12918,0.11,-0.17,9.42,0.02,-0.02,-0.00,0
12927,0.09,-0.18,9.44,0.02,-0.02,-0.00,0
12935,0.10,-0.17,9.43,0.02,-0.02,-0.00,0
12945,0.10,-0.16,9.45,0.02,-0.02,-0.00,0
12953,0.09,-0.16,9.44,0.02,-0.02,-0.00,1
12975,0.10,-0.17,9.43,0.02,-0.02,-0.00,1
13286,0.11,-0.17,9.45,0.02,-0.02,-0.00,1
13295,0.10,-0.19,9.47,0.02,-0.02,-0.00,1
13305,0.12,-0.18,9.44,0.02,-0.02,-0.00,1
13314,0.11,-0.17,9.47,0.02,-0.02,-0.00,1
13323,0.11,-0.19,9.46,0.02,-0.02,0.00,1
13333,0.09,-0.19,9.43,0.02,-0.02,-0.00,1
13344,0.08,-0.17,9.44,0.02,-0.02,-0.00,1
13353,0.09,-0.16,9.46,0.02,-0.02,-0.00,1
13363,0.09,-0.17,9.47,0.02,-0.02,-0.00,1
13373,0.11,-0.16,9.45,0.02,-0.02,-0.00,1
13383,0.09,-0.15,9.45,0.02,-0.02,-0.00,1
13394,0.13,-0.16,9.48,0.02,-0.02,-0.00,1
13403,0.15,-0.17,9.46,0.03,-0.02,-0.00,1
13413,0.16,-0.17,9.45,0.03,-0.02,-0.00,1
13423,0.15,-0.19,9.44,0.02,-0.02,-0.00,1
13433,0.15,-0.19,9.44,0.02,-0.02,-0.00,1
13444,0.12,-0.20,9.43,0.02,-0.02,-0.00,1
13453,0.12,-0.21,9.44,0.02,-0.02,-0.00,1
13463,0.09,-0.19,9.45,0.02,-0.02,-0.00,1
13473,0.06,-0.20,9.46,0.02,-0.02,-0.00,1
13483,0.04,-0.18,9.43,0.02,-0.02,-0.00,1
13493,0.06,-0.17,9.41,0.02,-0.02,-0.00,1
13502,0.07,-0.17,9.44,0.02,-0.02,-0.00,1
13512,0.11,-0.17,9.45,0.02,-0.02,-0.00,1
13521,0.11,-0.17,9.45,0.02,-0.02,-0.00,1
13530,0.12,-0.18,9.45,0.02,-0.02,0.00,1
13541,0.12,-0.20,9.44,0.02,-0.02,-0.00,1
13550,0.14,-0.16,9.46,0.02,-0.02,-0.00,1
13560,0.17,-0.17,9.43,0.02,-0.02,-0.00,1
13568,0.12,-0.18,9.42,0.02,-0.02,-0.00,1
13578,0.11,-0.18,9.40,0.02,-0.02,-0.00,1
13588,0.15,-0.17,9.41,0.02,-0.02,-0.00,1
13598,0.13,-0.18,9.44,0.02,-0.02,0.00,1
13608,0.12,-0.19,9.44,0.02,-0.02,-0.00,1
13618,0.11,-0.19,9.45,0.02,-0.02,-0.00,1
13629,0.11,-0.18,9.43,0.02,-0.02,-0.00,1
13638,0.11,-0.19,9.43,0.02,-0.02,-0.00,1
13648,0.10,-0.20,9.45,0.02,-0.02,0.00,1
13658,0.06,-0.19,9.45,0.02,-0.02,-0.00,1
13668,0.04,-0.17,9.46,0.02,-0.02,-0.00,1
13679,0.06,-0.16,9.45,0.02,-0.02,-0.00,1
13689,0.06,-0.15,9.40,0.02,-0.02,-0.00,1
13699,0.13,-0.17,9.44,0.02,-0.02,-0.00,1
13709,0.15,-0.16,9.45,0.02,-0.02,-0.00,1
13719,0.16,-0.17,9.45,0.02,-0.02,-0.00,1
13729,0.16,-0.17,9.44,0.02,-0.02,0.00,1
13739,0.17,-0.18,9.43,0.02,-0.02,-0.00,1
13749,0.17,-0.18,9.44,0.02,-0.02,-0.00,1
13759,0.16,-0.18,9.44,0.02,-0.02,-0.00,1
13769,0.13,-0.18,9.45,0.02,-0.02,-0.00,1
13779,0.14,-0.20,9.44,0.02,-0.02,-0.00,1
13789,0.09,-0.20,9.46,0.02,-0.02,-0.00,1
13800,0.07,-0.18,9.46,0.02,-0.02,-0.00,1
13809,0.06,-0.18,9.45,0.02,-0.02,-0.00,1
13819,0.06,-0.17,9.44,0.02,-0.02,-0.00,1
13829,0.07,-0.17,9.45,0.02,-0.02,0.00,1
13839,0.09,-0.16,9.47,0.02,-0.02,-0.00,1
13850,0.14,-0.17,9.45,0.02,-0.02,-0.00,1
13859,0.14,-0.17,9.45,0.02,-0.02,-0.00,1
13869,0.14,-0.18,9.45,0.02,-0.02,-0.00,1
13879,0.15,-0.18,9.44,0.02,-0.02,-0.00,1
13889,0.14,-0.17,9.44,0.02,-0.02,-0.00,1
13900,0.13,-0.17,9.44,0.02,-0.02,-0.00,1
13909,0.13,-0.17,9.43,0.02,-0.02,-0.00,1
13919,0.12,-0.18,9.42,0.02,-0.02,-0.00,1
13929,0.12,-0.19,9.42,0.02,-0.02,-0.00,1
13939,0.11,-0.19,9.44,0.02,-0.02,-0.00,1
13950,0.12,-0.17,9.43,0.02,-0.02,-0.00,1
13959,0.10,-0.17,9.43,0.02,-0.02,-0.00,1
13969,0.12,-0.18,9.45,0.02,-0.02,-0.00,1
13979,0.08,-0.19,9.42,0.02,-0.02,-0.00,1
13989,0.09,-0.19,9.45,0.02,-0.02,-0.00,1
14000,0.09,-0.19,9.43,0.02,-0.02,-0.00,1
14010,0.10,-0.20,9.45,0.02,-0.02,-0.00,1
14020,0.09,-0.17,9.41,0.02,-0.02,-0.00,1
14029,0.04,-0.15,9.42,0.02,-0.02,-0.00,1
14039,0.06,-0.15,9.43,0.02,-0.02,-0.00,1
14050,0.09,-0.18,9.46,0.02,-0.02,-0.00,1
14060,0.15,-0.15,9.45,0.02,-0.02,-0.00,1
14070,0.13,-0.15,9.42,0.02,-0.02,-0.00,1
14080,0.17,-0.15,9.45,0.02,-0.02,-0.00,1
14090,0.19,-0.17,9.45,0.02,-0.02,-0.00,1
14101,0.19,-0.18,9.46,0.02,-0.02,-0.00,1
14110,0.18,-0.17,9.45,0.02,-0.02,-0.00,1
14120,0.17,-0.19,9.45,0.02,-0.02,-0.00,1
14129,0.12,-0.21,9.43,0.02,-0.02,-0.00,1
14139,0.09,-0.20,9.45,0.02,-0.02,-0.00,1
14150,0.04,-0.20,9.45,0.02,-0.02,-0.00,1
14160,0.01,-0.16,9.45,0.02,-0.02,-0.00,1
14170,-0.02,-0.17,9.46,0.02,-0.02,-0.00,1
14180,0.01,-0.14,9.43,0.03,-0.02,-0.00,1
14190,0.06,-0.15,9.44,0.03,-0.02,-0.00,1
14201,0.09,-0.18,9.42,0.03,-0.02,-0.00,1
14210,0.15,-0.17,9.42,0.03,-0.02,-0.00,1
14221,0.15,-0.17,9.41,0.02,-0.02,-0.00,1
14229,0.16,-0.16,9.43,0.03,-0.02,-0.00,1
14239,0.19,-0.16,9.46,0.02,-0.02,-0.00,1
14250,0.17,-0.16,9.43,0.02,-0.02,-0.00,1
14261,0.16,-0.17,9.45,0.02,-0.02,-0.00,2
14510,0.08,-0.19,9.44,0.02,-0.02,-0.00,2
14597,0.16,-0.18,9.44,0.02,-0.02,-0.00,2
14607,0.17,-0.17,9.43,0.02,-0.02,-0.00,2
14619,0.14,-0.19,9.46,0.02,-0.02,-0.00,2
14627,0.13,-0.22,9.44,0.02,-0.02,-0.00,2
14636,0.14,-0.23,9.45,0.02,-0.02,-0.00,2
14646,0.11,-0.22,9.44,0.02,-0.02,-0.00,2
14654,0.11,-0.22,9.43,0.02,-0.02,-0.00,2
14662,0.06,-0.18,9.43,0.02,-0.02,-0.00,2
14670,0.06,-0.18,9.41,0.02,-0.02,-0.00,2
14679,0.05,-0.15,9.44,0.02,-0.02,-0.00,2
14687,0.07,-0.13,9.45,0.02,-0.02,-0.00,2
14695,0.08,-0.13,9.45,0.03,-0.02,-0.00,2
14704,0.10,-0.13,9.44,0.02,-0.02,-0.00,2
14712,0.11,-0.15,9.44,0.02,-0.02,-0.00,2
14720,0.15,-0.17,9.44,0.02,-0.02,-0.00,2
14729,0.16,-0.15,9.44,0.02,-0.02,-0.00,2
14737,0.15,-0.17,9.45,0.02,-0.02,-0.00,2
14745,0.14,-0.19,9.45,0.02,-0.02,-0.00,2
14754,0.11,-0.17,9.47,0.02,-0.02,-0.00,2
14762,0.12,-0.18,9.44,0.02,-0.02,-0.00,2
14770,0.11,-0.19,9.44,0.02,-0.02,-0.00,2
14779,0.13,-0.19,9.45,0.02,-0.02,-0.00,2
14789,0.11,-0.20,9.46,0.02,-0.02,-0.00,2
14799,0.12,-0.20,9.44,0.02,-0.02,-0.00,2
14808,0.11,-0.20,9.44,0.02,-0.02,-0.00,2
14818,0.11,-0.17,9.43,0.02,-0.02,-0.00,2
14827,0.11,-0.16,9.39,0.02,-0.02,-0.00,2
14836,0.07,-0.16,9.41,0.02,-0.02,-0.00,2
14845,0.08,-0.18,9.42,0.02,-0.02,-0.00,2
14855,0.10,-0.16,9.42,0.03,-0.02,-0.00,2
14866,0.14,-0.17,9.46,0.03,-0.02,-0.00,2
14875,0.12,-0.18,9.43,0.03,-0.02,-0.00,2
14885,0.17,-0.20,9.43,0.02,-0.02,-0.00,2
14894,0.15,-0.21,9.43,0.02,-0.02,-0.00,2
14902,0.16,-0.20,9.47,0.03,-0.02,-0.00,2
14911,0.13,-0.19,9.46,0.02,-0.02,-0.00,2
14920,0.12,-0.19,9.42,0.02,-0.02,-0.00,2
14929,0.10,-0.18,9.43,0.03,-0.02,-0.00,2
14937,0.09,-0.17,9.41,0.02,-0.02,-0.00,2
14946,0.09,-0.16,9.44,6.34,-4.84,-0.27,2
14955,0.09,-0.17,9.42,0.02,-0.02,-0.00,2
14964,0.12,-0.18,9.45,0.02,-0.02,0.00,2
14972,0.15,-0.19,9.43,0.02,-0.02,-0.00,2
14981,40.45,-47.16,72.28,6.55,-4.57,-0.34,2
14990,0.15,-0.20,9.43,0.02,-0.02,-0.00,2
14999,0.11,-0.17,9.44,0.02,-0.02,0.00,2
15007,0.10,-0.16,9.45,0.02,-0.02,-0.00,2
15016,0.11,-0.17,9.45,0.02,-0.02,-0.00,2
15025,0.12,-0.17,9.48,0.02,-0.02,-0.00,2
15034,0.11,-0.18,9.46,0.02,-0.02,-0.00,2
15042,0.11,-0.19,9.43,0.02,-0.02,-0.00,2
15051,0.12,-0.19,9.43,0.02,-0.02,-0.00,2
15060,0.12,-0.19,9.46,0.02,-0.02,-0.00,2
15069,0.10,-0.17,9.46,0.02,-0.02,-0.00,2
15077,0.09,-0.17,9.45,0.02,-0.02,-0.00,2
15086,0.09,-0.16,9.45,0.02,-0.02,-0.00,2
15095,0.11,-0.16,9.44,0.02,-0.02,-0.00,2
15104,0.09,-0.18,9.45,0.02,-0.02,-0.00,2
15112,0.09,-0.17,9.45,0.02,-0.02,-0.00,2
15121,0.10,-0.17,9.46,0.03,-0.02,-0.00,2
15130,0.11,-0.18,9.42,0.02,-0.02,-0.00,2
15139,0.14,-0.17,9.46,0.02,-0.02,-0.00,2
15147,0.16,-0.19,9.44,0.02,-0.02,-0.00,2
15155,0.18,-0.19,9.43,0.02,-0.02,-0.00,2
15164,0.19,-0.18,9.43,0.02,-0.02,-0.00,2
15172,0.17,-0.19,9.41,0.02,-0.02,-0.00,2
15180,0.14,-0.18,9.43,0.02,-0.02,-0.00,2
15189,0.11,-0.17,9.44,0.02,-0.02,-0.00,2
15197,0.10,-0.17,9.45,0.02,-0.02,-0.00,2
15205,0.07,-0.17,9.45,0.03,-0.02,-0.00,2
15214,0.08,-0.18,9.43,0.02,-0.02,-0.00,2
15222,0.07,-0.18,9.44,0.02,-0.02,-0.00,2
15230,0.09,-0.19,9.43,0.02,-0.02,-0.00,2
15239,0.12,-0.19,9.46,0.02,-0.02,-0.00,2
15247,0.13,-0.18,9.43,0.02,-0.02,-0.00,2
15255,0.13,-0.18,9.45,0.02,-0.02,-0.00,2
15264,0.10,-0.18,9.43,0.02,-0.02,-0.00,2
15272,0.10,-0.19,9.44,0.02,-0.02,-0.00,2
15280,0.09,-0.19,9.43,0.02,-0.02,-0.00,2
15289,0.10,-0.17,9.45,0.02,-0.02,-0.00,2
15297,0.09,-0.17,9.43,0.02,-0.02,-0.00,2
15305,0.11,-0.18,9.44,0.02,-0.02,-0.00,2
15314,0.13,-0.19,9.45,0.02,-0.02,-0.00,2
15322,0.14,-0.19,9.43,0.02,-0.02,-0.00,2
15330,0.14,-0.16,9.43,0.02,-0.02,-0.00,2
15339,0.11,-0.16,9.43,0.02,-0.02,-0.00,2
15348,0.11,-0.18,9.45,0.02,-0.02,-0.00,2
15357,0.10,-0.18,9.45,0.02,-0.02,-0.00,2
15365,0.11,-0.17,9.46,0.02,-0.02,-0.00,2
15374,0.10,-0.17,9.44,0.02,-0.02,-0.00,2
15382,0.10,-0.17,9.45,0.02,-0.02,-0.00,2
15390,0.10,-0.17,9.44,0.02,-0.02,-0.00,2
15399,0.10,-0.18,9.44,0.02,-0.02,-0.00,2
15407,0.14,-0.19,9.43,0.02,-0.02,-0.00,2
15415,0.15,-0.18,9.43,0.02,-0.02,-0.00,2
15424,0.14,-0.19,9.42,0.02,-0.02,-0.00,2
15432,0.14,-0.19,9.44,0.02,-0.02,-0.00,2
15440,0.10,-0.19,9.44,0.02,-0.02,-0.00,2
15449,0.11,-0.17,9.46,0.02,-0.02,-0.00,3
15636,0.10,-0.17,9.43,0.02,-0.02,-0.00,3
15759,0.10,-0.17,9.43,0.02,-0.02,-0.00,3
15767,0.10,-0.17,9.44,0.02,-0.02,-0.00,3
15775,0.13,-0.17,9.44,0.02,-0.02,-0.00,3
15784,0.15,-0.18,9.44,0.02,-0.02,-0.00,3
15792,0.12,-0.17,9.45,0.02,-0.02,-0.00,3
15800,0.11,-0.18,9.45,0.02,-0.02,-0.00,3
15809,0.13,-0.17,9.46,0.02,-0.02,-0.00,3
15817,0.12,-0.17,9.44,0.02,-0.02,-0.00,3
15825,0.11,-0.18,9.44,0.02,-0.02,-0.00,3
15834,0.10,-0.18,9.46,0.02,-0.02,-0.00,3
15842,0.11,-0.18,9.47,0.02,-0.02,-0.00,3
15850,0.11,-0.16,9.46,0.02,-0.02,-0.00,3
15859,0.10,-0.18,9.45,0.02,-0.02,-0.00,3
15867,0.10,-0.18,9.45,0.02,-0.02,-0.00,3
15875,0.09,-0.17,9.45,0.02,-0.02,-0.00,3
15884,0.08,-0.18,9.42,0.02,-0.02,-0.00,3
15892,0.08,-0.20,9.42,0.02,-0.02,-0.00,3
15900,0.10,-0.19,9.42,0.02,-0.02,0.00,3
15909,0.12,-0.18,9.43,0.02,-0.02,-0.00,3
15917,0.13,-0.17,9.45,0.02,-0.02,-0.00,3
15925,0.14,-0.18,9.44,0.02,-0.02,-0.00,3
15934,0.15,-0.19,9.44,0.02,-0.02,-0.00,3
15942,0.13,-0.19,9.44,0.03,-0.02,-0.00,3
15950,0.14,-0.16,9.45,0.02,-0.02,-0.00,3
15959,0.15,-0.17,9.46,0.02,-0.02,-0.00,3
15967,0.12,-0.18,9.42,0.02,-0.02,-0.00,3
15975,0.11,-0.18,9.42,0.02,-0.02,-0.00,3
15984,0.12,-0.18,9.44,0.02,-0.02,-0.00,3
15992,0.10,-0.16,9.48,0.02,-0.02,0.00,3
16000,0.10,-0.17,9.44,0.02,-0.02,-0.00,3
16009,0.11,-0.16,9.45,0.02,-0.02,-0.00,3
16017,0.12,-0.18,9.44,0.02,-0.02,-0.00,3
16025,0.11,-0.17,9.43,0.02,-0.02,-0.00,3
16034,0.13,-0.18,9.47,0.02,-0.02,-0.00,3
16042,0.12,-0.18,9.45,0.02,-0.02,-0.00,3
16050,0.12,-0.19,9.42,0.02,-0.02,-0.00,3
16059,0.12,-0.20,9.42,0.02,-0.02,-0.00,3
16067,0.12,-0.19,9.44,0.02,-0.02,-0.00,3
16075,0.10,-0.20,9.46,0.02,-0.02,-0.00,3
16084,0.10,-0.18,9.46,0.02,-0.02,-0.00,3
16094,0.11,-0.17,9.42,0.02,-0.02,-0.00,3
16102,0.10,-0.18,9.45,0.02,-0.02,-0.00,3
16111,0.12,-0.19,9.45,0.02,-0.02,-0.00,3
16121,0.14,-0.18,9.43,0.02,-0.02,-0.00,3
16130,0.11,-0.17,9.43,0.03,-0.02,-0.00,3
16139,0.12,-0.16,9.45,0.02,-0.02,-0.00,3
16147,0.13,-0.17,9.43,0.02,-0.02,-0.00,3
16157,0.11,-0.16,9.41,0.02,-0.02,-0.00,3
16165,0.14,-0.16,9.40,0.02,-0.02,-0.00,3
16174,0.12,-0.17,9.41,0.02,-0.02,-0.00,3
16182,0.11,-0.19,9.45,0.02,-0.02,-0.00,3
16191,0.13,-0.20,9.45,0.02,-0.02,-0.00,3
16200,0.13,-0.19,9.45,0.02,-0.02,-0.00,3
16209,0.12,-0.20,9.44,0.02,-0.02,0.00,3
16217,0.11,-0.19,9.43,0.02,-0.02,-0.00,3
16225,0.11,-0.19,9.44,0.02,-0.02,-0.00,3
16234,0.11,-0.21,9.43,0.02,-0.02,-0.00,3
16242,0.11,-0.19,9.44,0.02,-0.02,-0.00,3
16250,0.09,-0.18,9.44,0.02,-0.02,-0.00,3
16259,0.08,-0.17,9.44,0.02,-0.02,-0.00,3
16267,0.09,-0.18,9.45,0.02,-0.02,-0.00,3
16275,0.08,-0.17,9.46,0.02,-0.02,-0.00,3
16284,0.11,-0.19,9.47,0.02,-0.02,-0.00,3
16292,0.11,-0.18,9.45,0.02,-0.02,-0.00,3
16300,0.12,-0.20,9.45,0.02,-0.02,-0.00,3
16309,0.12,-0.18,9.45,0.02,-0.02,-0.00,3
16317,0.12,-0.17,9.47,0.02,-0.02,-0.00,3
16325,0.11,-0.18,9.46,0.02,-0.02,-0.00,3
16334,0.14,-0.17,9.45,0.02,-0.02,-0.00,3
16342,0.14,-0.17,9.44,0.02,-0.02,-0.00,3
16350,0.13,-0.15,9.43,0.02,-0.02,-0.00,3
16359,0.11,-0.16,9.44,0.02,-0.02,-0.00,3
16367,0.12,-0.17,9.44,0.02,-0.02,-0.00,3
16375,0.10,-0.17,9.41,0.02,-0.02,-0.00,3
16384,0.11,-0.17,9.42,0.02,-0.02,-0.00,3
16392,0.11,-0.18,9.45,0.02,-0.02,-0.00,3
16400,0.11,-0.17,9.46,0.02,-0.02,0.00,3
16409,0.11,-0.19,9.48,0.02,-0.02,-0.00,3
16417,0.10,-0.20,9.46,0.02,-0.02,-0.00,3
16425,0.12,-0.18,9.45,0.02,-0.02,-0.00,3
16434,0.11,-0.18,9.45,0.02,-0.02,-0.00,3
16442,0.10,-0.18,9.44,0.02,-0.02,-0.00,3
16450,0.09,-0.16,9.44,0.02,-0.02,-0.00,3
16459,0.09,-0.17,9.44,0.02,-0.02,-0.00,3
16467,0.10,-0.19,9.47,0.02,-0.02,-0.00,3
16475,0.10,-0.19,9.47,0.02,-0.02,0.00,3
16484,0.11,-0.18,9.43,0.02,-0.02,-0.00,3
16492,0.11,-0.17,9.42,0.02,-0.02,-0.00,3
16500,0.11,-0.19,9.45,0.02,-0.02,-0.00,3
16509,0.12,-0.19,9.44,0.02,-0.02,-0.00,3
16517,0.13,-0.18,9.47,0.02,-0.02,-0.00,3
16525,0.14,-0.19,9.48,0.02,-0.02,-0.00,3
16534,0.13,-0.19,9.44,0.02,-0.02,-0.00,3
16542,0.12,-0.19,9.43,0.02,-0.02,-0.00,3
16552,0.11,-0.19,9.45,0.02,-0.02,-0.00,3
16562,0.13,-0.19,9.46,0.02,-0.02,-0.00,3
16573,0.13,-0.17,9.44,0.02,-0.02,-0.00,3
16582,0.12,-0.18,9.42,0.02,-0.02,-0.00,3
16590,0.14,-0.16,9.42,0.02,-0.02,-0.00,4
16703,0.12,-0.17,9.46,0.02,-0.02,0.00,4
16908,0.11,-0.18,9.43,0.02,-0.02,-0.00,4
16920,0.12,-0.17,9.44,0.02,-0.02,-0.00,4
16933,0.10,-0.16,9.45,0.02,-0.02,-0.00,4
16942,0.13,-0.18,9.42,0.02,-0.02,-0.00,4
16952,0.12,-0.17,9.45,0.02,-0.02,-0.00,4
16962,0.12,-0.17,9.46,0.02,-0.02,-0.00,4
16972,0.11,-0.17,9.45,0.02,-0.02,-0.00,4
16982,0.11,-0.17,9.47,0.02,-0.02,-0.00,4
16990,0.10,-0.19,9.43,0.02,-0.02,-0.00,4
17000,0.11,-0.18,9.42,0.02,-0.02,-0.00,4
17010,0.10,-0.18,9.45,0.02,-0.02,-0.00,4
17020,0.12,-0.17,9.44,0.02,-0.02,-0.00,4
17030,0.13,-0.17,9.43,0.02,-0.02,-0.00,4
17039,0.13,-0.17,9.44,0.02,-0.02,-0.00,4
17047,0.11,-0.18,9.48,0.02,-0.02,-0.00,4
17055,0.11,-0.18,9.45,0.02,-0.02,-0.00,4
17065,0.10,-0.18,9.45,0.02,-0.02,-0.00,4
17075,0.09,-0.17,9.43,0.02,-0.02,-0.00,4
17085,0.11,-0.19,9.45,0.02,-0.02,-0.00,4
17095,0.12,-0.17,9.48,0.02,-0.02,-0.00,4
17105,0.13,-0.16,9.47,0.02,-0.02,-0.00,4
17115,0.13,-0.17,9.45,0.02,-0.02,-0.00,4
17125,0.12,-0.18,9.46,0.02,-0.02,-0.00,4
17135,0.13,-0.17,9.44,0.02,-0.02,-0.00,4
17144,0.12,-0.18,9.45,0.02,-0.02,0.00,4
17152,0.13,-0.17,9.43,0.02,-0.02,0.00,4
17162,0.10,-0.17,9.45,0.02,-0.02,-0.00,4
17172,0.13,-0.17,9.47,0.02,-0.02,-0.00,4
17182,0.10,-0.18,9.41,0.02,-0.02,-0.00,4
17192,0.13,-0.18,9.43,0.02,-0.02,-0.00,4
17202,0.12,-0.17,9.47,0.02,-0.02,-0.00,4
17210,0.11,-0.18,9.43,0.02,-0.02,0.00,4
17220,0.12,-0.18,9.45,0.02,-0.02,-0.00,4
17229,0.11,-0.18,9.44,0.02,-0.02,-0.00,4
17240,0.12,-0.19,9.43,0.02,-0.02,-0.00,4
17250,0.10,-0.19,9.43,0.02,-0.02,-0.00,4
17261,0.11,-0.18,9.43,0.02,-0.02,-0.00,4
17270,0.11,-0.17,9.44,0.02,-0.02,-0.00,4
17281,0.08,-0.17,9.44,0.02,-0.02,-0.00,4
17290,0.11,-0.17,9.44,0.03,-0.02,-0.00,4
17300,0.12,-0.17,9.44,0.03,-0.02,-0.00,4
17311,0.13,-0.18,9.45,0.02,-0.02,-0.00,4
17320,0.12,-0.17,9.47,0.02,-0.02,-0.00,4
17331,0.12,-0.18,9.44,0.02,-0.02,-0.00,4
17340,0.13,-0.19,9.43,0.02,-0.02,-0.00,4
17350,0.13,-0.21,9.42,0.02,-0.02,-0.00,4
17361,0.13,-0.18,9.45,0.02,-0.02,-0.00,4
17370,0.14,-0.17,9.44,0.02,-0.02,-0.00,4
17381,0.08,-0.17,9.45,0.02,-0.02,-0.00,4
17390,0.12,-0.18,9.45,0.02,-0.02,-0.00,4
17399,0.12,-0.17,9.45,0.02,-0.02,-0.00,4
17408,0.12,-0.17,9.44,0.02,-0.02,-0.00,4
17418,0.11,-0.17,9.45,0.02,-0.02,-0.00,4
17427,0.11,-0.16,9.45,0.02,-0.02,-0.00,4
17436,0.08,-0.17,9.45,0.02,-0.02,-0.00,4
17445,0.11,-0.19,9.46,0.02,-0.02,-0.00,4
17455,0.11,-0.17,9.43,0.03,-0.02,-0.00,4
17465,0.12,-0.19,9.45,0.02,-0.02,-0.00,4
17475,0.13,-0.17,9.46,0.02,-0.02,-0.00,4
17485,0.11,-0.17,9.46,0.02,-0.02,-0.00,4
17495,0.09,-0.18,9.46,0.02,-0.02,-0.00,4
17505,0.10,-0.18,9.45,0.02,-0.02,0.00,4
17515,0.10,-0.17,9.42,0.02,-0.02,-0.00,4
17525,0.12,-0.19,9.42,0.02,-0.02,-0.00,4
17535,0.10,-0.17,9.45,0.02,-0.02,-0.00,4
17545,0.13,-0.17,9.46,0.02,-0.02,-0.00,4
17555,0.10,-0.17,9.43,0.02,-0.02,-0.00,4
17565,0.11,-0.17,9.42,0.02,-0.02,-0.00,4
17575,0.09,-0.19,9.44,0.02,-0.02,-0.00,4
17585,0.10,-0.18,9.47,0.02,-0.02,-0.00,4
17595,0.10,-0.17,9.44,0.02,-0.02,-0.00,4
17605,0.10,-0.17,9.46,0.02,-0.02,-0.00,4
17615,0.09,-0.17,9.44,0.02,-0.02,-0.00,4
17625,0.12,-0.18,9.44,0.02,-0.02,-0.00,4
17635,0.11,-0.19,9.45,0.03,-0.02,-0.00,4
17645,0.11,-0.18,9.43,0.02,-0.02,-0.00,4
17655,0.09,-0.21,9.45,0.02,-0.02,-0.00,4
17665,0.10,-0.18,9.45,0.02,-0.02,-0.00,4
17675,0.10,-0.18,9.45,0.02,-0.02,-0.00,4
17685,0.11,-0.16,9.47,0.02,-0.02,-0.00,4
17695,0.12,-0.18,9.45,0.02,-0.02,-0.00,4
17705,0.13,-0.17,9.42,0.02,-0.02,-0.00,4
17715,0.12,-0.19,9.46,0.02,-0.02,-0.00,4
17725,0.11,-0.17,9.44,0.02,-0.02,-0.00,4
17735,0.12,-0.17,9.43,0.02,-0.02,-0.00,4
17745,0.12,-0.17,9.44,0.02,-0.02,-0.00,4
17755,0.11,-0.16,9.45,0.02,-0.02,-0.00,4
17765,0.11,-0.19,9.43,0.02,-0.02,-0.00,4
17775,0.12,-0.19,9.45,0.02,-0.02,-0.00,4
17785,0.11,-0.18,9.46,0.02,-0.02,-0.00,4
17795,0.11,-0.19,9.45,0.02,-0.02,-0.00,4
17805,0.11,-0.18,9.47,0.02,-0.02,-0.00,4
17815,0.12,-0.16,9.44,0.03,-0.02,-0.00,4
17825,0.10,-0.17,9.45,0.02,-0.02,-0.00,4
17835,0.11,-0.18,9.46,0.02,-0.02,-0.00,4
17845,0.10,-0.17,9.45,0.02,-0.02,-0.00,4
17855,0.12,-0.18,9.46,0.02,-0.02,-0.00,4
17865,0.11,-0.17,9.43,0.02,-0.02,-0.00,4
17875,0.12,-0.17,9.43,0.02,-0.02,-0.00,5
17901,0.11,-0.17,9.42,0.02,-0.02,-0.00,5
18191,0.11,-0.17,9.45,0.02,-0.02,-0.00,5
18201,0.11,-0.18,9.46,0.02,-0.02,-0.00,5
18210,0.10,-0.19,9.44,0.02,-0.02,-0.00,5
18220,0.11,-0.18,9.45,0.02,-0.02,-0.00,5
18230,0.12,-0.17,9.48,0.02,-0.02,-0.00,5
18240,0.11,-0.18,9.46,0.02,-0.02,-0.00,5
18250,0.11,-0.19,9.46,0.02,-0.02,-0.00,5
18260,0.12,-0.16,9.49,0.02,-0.02,-0.00,5
18270,0.11,-0.18,9.49,0.02,-0.02,-0.00,5
18280,0.13,-0.16,9.45,0.02,-0.02,-0.00,5
18290,0.09,-0.17,9.45,0.02,-0.02,-0.00,5
18300,0.11,-0.16,9.44,0.02,-0.02,-0.00,5
18310,0.10,-0.18,9.44,0.02,-0.02,-0.00,5
18320,0.11,-0.15,9.46,0.02,-0.02,-0.00,5
18330,0.10,-0.18,9.43,0.02,-0.02,-0.00,5
18340,0.11,-0.17,9.44,0.02,-0.02,-0.00,5
18350,0.09,-0.18,9.45,0.02,-0.02,-0.00,5
18360,0.09,-0.18,9.44,0.02,-0.02,-0.00,5
18370,0.11,-0.18,9.44,0.02,-0.02,-0.00,5
18380,0.11,-0.17,9.42,0.02,-0.02,-0.00,5
18390,0.11,-0.17,9.44,0.02,-0.02,-0.00,5
18400,0.10,-0.17,9.44,0.02,-0.02,-0.00,5
18410,0.07,-0.17,9.44,0.03,-0.02,-0.00,5
18420,0.10,-0.17,9.42,0.02,-0.02,-0.00,5
18430,0.13,-0.18,9.44,0.02,-0.02,-0.00,5
18440,0.12,-0.18,9.46,0.02,-0.02,-0.00,5
18450,0.14,-0.18,9.47,0.02,-0.02,-0.00,5
18460,0.12,-0.18,9.45,0.02,-0.02,-0.00,5
18470,0.12,-0.16,9.44,0.02,-0.02,-0.00,5
18480,0.12,-0.17,9.43,0.02,-0.02,-0.00,5
18490,0.13,-0.18,9.43,0.02,-0.02,-0.00,5
18500,0.13,-0.19,9.43,0.02,-0.02,-0.00,5
18510,0.13,-0.17,9.44,0.02,-0.02,-0.00,5
18520,0.11,-0.17,9.46,0.02,-0.02,-0.00,5
18529,0.11,-0.18,9.47,0.02,-0.02,-0.00,5
18540,0.09,-0.18,9.46,0.02,-0.02,-0.00,5
18550,0.11,-0.18,9.47,0.02,-0.02,-0.00,5
18560,0.10,-0.18,9.45,0.02,-0.02,-0.00,5
18570,0.10,-0.19,9.44,0.02,-0.02,-0.00,5
18578,0.10,-0.17,9.45,0.02,-0.02,-0.00,5
18587,0.10,-0.16,9.45,0.02,-0.02,-0.00,5
18595,0.10,-0.18,9.48,0.02,-0.02,-0.00,5
18605,0.12,-0.18,9.44,0.02,-0.02,-0.00,5
18614,0.13,-0.17,9.43,0.02,-0.02,-0.00,5
18624,0.11,-0.17,9.43,0.02,-0.02,-0.00,5
18633,0.11,-0.16,9.46,0.02,-0.02,-0.00,5
18642,0.12,-0.17,9.45,0.02,-0.02,0.00,5
18650,0.14,-0.17,9.42,0.02,-0.02,-0.00,5
18660,0.14,-0.18,9.44,0.02,-0.02,-0.00,5
18670,0.12,-0.17,9.44,0.02,-0.02,-0.00,5
18680,0.12,-0.18,9.44,0.02,-0.02,-0.00,5
18691,0.11,-0.18,9.42,0.02,-0.02,-0.00,5
18700,0.13,-0.17,9.43,0.02,-0.02,-0.00,5
18710,0.10,-0.17,9.43,0.02,-0.02,-0.00,5
18718,0.11,-0.18,9.44,0.02,-0.02,-0.00,5
18726,0.11,-0.18,9.45,0.02,-0.02,-0.00,5
18734,0.12,-0.16,9.45,0.02,-0.02,-0.00,5
18743,0.12,-0.17,9.45,0.02,-0.02,-0.00,5
18753,0.10,-0.17,9.45,0.02,-0.02,-0.00,5
18762,0.09,-0.19,9.45,0.02,-0.02,0.00,5
18771,0.10,-0.18,9.41,0.02,-0.02,-0.00,5
18780,0.11,-0.19,9.44,0.02,-0.02,-0.00,5
18790,0.11,-0.19,9.46,0.02,-0.02,-0.00,5
18800,0.11,-0.17,9.45,0.02,-0.02,-0.00,5
18810,0.12,-0.18,9.43,0.02,-0.02,-0.00,5
18820,0.13,-0.18,9.44,0.02,-0.02,-0.00,5
18829,0.10,-0.16,9.43,0.02,-0.02,-0.00,5
18839,0.12,-0.18,9.44,0.02,-0.02,-0.00,5
18848,0.14,-0.17,9.46,0.02,-0.02,-0.00,5
18857,0.12,-0.17,9.43,0.02,-0.02,-0.00,5
18865,0.12,-0.17,9.45,0.02,-0.02,-0.00,5
18874,0.13,-0.17,9.44,0.02,-0.02,-0.00,5
18884,0.14,-0.17,9.45,0.02,-0.02,-0.00,5
18893,0.12,-0.18,9.45,0.02,-0.02,-0.00,5
18902,0.12,-0.18,9.45,0.02,-0.02,-0.00,5
18910,0.12,-0.18,9.45,0.02,-0.02,-0.00,5
18919,0.12,-0.18,9.44,0.02,-0.02,-0.00,5
18928,0.12,-0.17,9.44,0.02,-0.02,-0.00,5
18936,0.10,-0.18,9.45,0.02,-0.02,-0.00,5
18944,0.10,-0.18,9.43,0.02,-0.02,-0.00,5
18953,0.10,-0.18,9.44,0.02,-0.02,-0.00,5
18961,0.11,-0.20,9.43,0.02,-0.02,-0.00,5
18969,0.11,-0.17,9.46,0.02,-0.02,-0.00,5
18978,0.10,-0.16,9.44,0.02,-0.02,-0.00,5
18986,0.11,-0.18,9.45,0.02,-0.02,-0.00,5
18994,0.13,-0.18,9.46,0.02,-0.02,-0.00,5
19003,0.11,-0.17,9.45,0.03,-0.02,-0.00,5
19011,0.12,-0.17,9.44,0.02,-0.02,-0.00,5
19019,0.13,-0.17,9.43,0.02,-0.02,-0.00,5
19028,0.13,-0.17,9.43,0.02,-0.02,0.00,5
19036,0.10,-0.19,9.42,0.02,-0.02,-0.00,5
19044,0.13,-0.20,9.42,0.02,-0.02,-0.00,5
19053,0.11,-0.18,9.42,0.02,-0.02,-0.00,5
19061,0.13,-0.18,9.45,0.02,-0.02,-0.00,5
19069,0.13,-0.18,9.44,0.02,-0.02,-0.00,5
19078,0.14,-0.18,9.43,0.02,-0.02,-0.00,5
19086,0.13,-0.19,9.46,0.02,-0.02,-0.00,5
19094,0.14,-0.18,9.44,0.02,-0.02,-0.00,5
19103,0.12,-0.16,9.44,0.02,-0.02,-0.00,6
19224,0.11,-0.16,9.46,0.02,-0.02,-0.00,6
19428,0.12,-0.17,9.44,0.02,-0.02,-0.00,6
19438,0.12,-0.18,9.41,0.02,-0.02,-0.00,6
19446,0.12,-0.18,9.45,0.02,-0.02,-0.00,6
19455,0.13,-0.18,9.44,0.02,-0.02,-0.00,6
19464,0.11,-0.18,9.43,0.02,-0.02,-0.00,6
19474,0.13,-0.17,9.43,0.02,-0.02,-0.00,6
19484,0.10,-0.18,9.43,0.02,-0.02,-0.00,6
19494,0.11,-0.14,9.44,0.02,-0.02,-0.00,6
19504,0.09,-0.18,9.44,0.02,-0.02,-0.00,6
19514,0.11,-0.16,9.42,0.02,-0.02,-0.00,6
19524,0.10,-0.17,9.42,0.02,-0.02,-0.00,6
19534,0.11,-0.17,9.42,0.02,-0.02,-0.00,6
19544,0.09,-0.16,9.42,0.02,-0.02,-0.00,6
19554,0.11,-0.17,9.45,0.03,-0.02,-0.00,6
19564,0.12,-0.17,9.44,0.02,-0.02,-0.00,6
19574,0.13,-0.17,9.42,0.02,-0.02,-0.00,6
19583,0.11,-0.18,9.44,0.02,-0.02,-0.00,6
19591,0.12,-0.18,9.43,0.02,-0.02,-0.00,6
19599,0.11,-0.17,9.42,0.02,-0.02,-0.00,6
19609,0.12,-0.19,9.44,0.02,-0.02,-0.00,6
19619,0.12,-0.18,9.44,0.02,-0.02,-0.00,6
19628,0.11,-0.17,9.47,0.02,-0.02,-0.00,6
19637,0.12,-0.17,9.48,0.02,-0.02,-0.00,6
19645,0.11,-0.17,9.43,0.02,-0.02,-0.00,6
19654,0.09,-0.18,9.45,0.02,-0.02,-0.00,6
19664,0.13,-0.19,9.46,0.02,-0.02,-0.00,6
19674,0.10,-0.18,9.43,0.02,-0.02,-0.00,6
19684,0.12,-0.19,9.47,0.02,-0.02,-0.00,6
19694,0.11,-0.18,9.46,0.02,-0.02,-0.00,6
19703,0.11,-0.18,9.42,0.02,-0.02,-0.00,6
19712,0.12,-0.17,9.43,0.02,-0.02,-0.00,6
19720,0.11,-0.16,9.45,0.02,-0.02,-0.00,6
19729,0.11,-0.17,9.44,0.02,-0.02,0.00,6
19739,0.10,-0.17,9.47,0.02,-0.02,-0.00,6
19749,0.11,-0.18,9.45,0.02,-0.02,-0.00,6
19759,0.12,-0.18,9.48,0.02,-0.02,-0.00,6
19769,0.12,-0.18,9.46,0.02,-0.02,-0.00,6
19778,0.10,-0.18,9.44,0.03,-0.02,-0.00,6
19787,0.11,-0.20,9.46,0.02,-0.02,-0.00,6
19795,0.11,-0.18,9.44,0.02,-0.02,-0.00,6
19804,0.13,-0.17,9.46,0.02,-0.02,-0.00,6
19814,0.12,-0.17,9.42,0.02,-0.02,-0.00,6
19824,0.12,-0.19,9.42,0.02,-0.02,-0.00,6
19834,0.12,-0.18,9.45,0.02,-0.02,-0.00,6
19844,0.11,-0.17,9.45,0.02,-0.02,-0.00,6
19853,0.11,-0.17,9.44,0.02,-0.02,-0.00,6
19861,0.12,-0.16,9.42,0.02,-0.02,-0.00,6
19869,0.12,-0.18,9.43,0.02,-0.02,-0.00,6
19878,0.10,-0.17,9.46,0.02,-0.02,-0.00,6
19886,0.11,-0.18,9.48,0.02,-0.02,-0.00,6
19894,0.12,-0.19,9.45,0.02,-0.02,-0.00,6
19903,0.11,-0.17,9.45,0.02,-0.02,-0.00,6
19911,0.11,-0.16,9.46,0.02,-0.02,-0.00,6
19919,0.13,-0.16,9.49,0.02,-0.02,-0.00,6
19928,0.12,-0.18,9.48,0.02,-0.02,-0.00,6
19936,0.10,-0.18,9.43,0.02,-0.02,-0.00,6
19944,0.12,-0.18,9.44,0.02,-0.02,-0.00,6
19952,0.11,-0.18,9.44,0.02,-0.02,-0.00,6
19960,0.12,-0.17,9.42,0.02,-0.02,-0.00,6
19969,0.13,-0.17,9.44,0.02,-0.02,-0.00,6
19977,0.11,-0.18,9.45,0.02,-0.02,-0.00,6
19987,0.14,-0.17,9.47,0.02,-0.02,-0.00,6
19997,0.13,-0.17,9.46,0.02,-0.02,-0.00,6
20007,0.15,-0.17,9.45,0.02,-0.02,-0.00,6
20015,0.13,-0.17,9.46,0.02,-0.02,-0.00,6
20025,0.08,-0.17,9.46,0.02,-0.02,-0.00,6
20033,0.09,-0.17,9.45,0.02,-0.02,-0.00,6
20042,0.13,-0.17,9.45,0.02,-0.02,-0.00,6
20052,0.12,-0.15,9.46,0.02,-0.02,-0.00,6
20061,0.11,-0.17,9.47,0.02,-0.02,-0.00,6
20070,0.12,-0.17,9.45,0.02,-0.02,-0.00,6
20080,0.11,-0.17,9.42,0.02,-0.02,-0.00,6
20089,0.12,-0.18,9.42,0.02,-0.02,-0.00,6
20098,0.13,-0.17,9.46,0.02,-0.02,-0.00,6
20106,0.12,-0.17,9.44,0.02,-0.02,-0.00,6
20115,0.09,-0.19,9.45,0.02,-0.02,-0.00,6
20123,0.11,-0.19,9.46,0.02,-0.02,-0.00,6
20132,0.11,-0.18,9.43,0.02,-0.02,-0.00,6
20140,0.11,-0.19,9.42,0.02,-0.02,-0.00,6
20150,0.13,-0.17,9.42,0.02,-0.02,-0.00,6
20158,0.13,-0.16,9.45,0.02,-0.02,-0.00,6
20166,0.12,-0.18,9.45,0.02,-0.02,-0.00,6
20175,0.12,-0.18,9.45,0.02,-0.02,-0.00,6
20185,0.13,-0.17,9.46,0.02,-0.02,-0.00,6
20193,0.13,-0.17,9.44,0.02,-0.02,-0.00,6
20202,0.14,-0.17,9.43,0.02,-0.02,0.00,6
20210,0.14,-0.17,9.45,0.02,-0.02,-0.00,6
20220,0.11,-0.17,9.44,0.02,-0.02,-0.00,6
20228,0.11,-0.17,9.46,0.02,-0.02,0.00,6
20236,0.12,-0.17,9.43,0.02,-0.02,-0.00,6
20245,0.12,-0.18,9.45,0.02,-0.02,-0.00,6
20253,0.13,-0.19,9.46,0.02,-0.02,-0.00,6
20261,0.12,-0.16,9.44,0.02,-0.02,-0.00,6
20269,0.12,-0.18,9.43,0.02,-0.02,-0.00,6
20277,0.11,-0.17,9.43,0.02,-0.02,-0.00,6
20286,0.09,-0.20,9.42,0.02,-0.02,-0.00,6
20294,0.09,-0.19,9.44,0.03,-0.02,-0.00,6
20302,0.11,-0.17,9.44,0.02,-0.02,-0.00,6
